Category Name,Category ID
"10 Years of Netflix Series",81704918
"2-Hour Movies",81396426
"2016 Netflix Oscar Nominees",81254230
"2017 Netflix Original Emmy Winners",2233953
"2017 Netflix Originals Emmy Nominees",2775958
"2017 Netflix Oscar Nominees",81254207
"2018 Netflix Emmy Winners",2870589
"2018 Netflix Golden Globe Nominees",2311413
"2018 Netflix Oscar Nominees",81254137
"2019 Netflix Emmy Nominees",3271845
"2019 Netflix Emmy Winners",3281705
"2019 Netflix Oscar Nominees",2693435
"2019 Netflix Oscar Winners",3050307
"2020 Netflix Emmy Winners",81307148
"2020 Netflix Golden Globe Nominees",81238239
"2020 Netflix Oscar Nominees",81240434
"2020 Netflix Oscar Nominees",51083
"2021 Netflix Daytime Emmy Nominees",81488807
"2021 Netflix Emmy Winners",81513374
"2021 Netflix Golden Globe Nominees",81424436
"2021 Netflix Golden Globe Winners",81428589
"2022 Netflix Emmy Winners",81639853
"2022: Year in Review",81672450
"2023 Netflix Golden Globe Nominees",81671543
"2023 Netflix Oscars Contenders",81671059
"2025 Baeksang Arts Awards Nominees",82054200
"20th-Century Period Pieces",12739
"30-Minute Laughs",81602050
"90-Minute Movies",81466194
"90-Minute Rom-Coms",81466228
"90-Minute Thrillers",81466222
"A Tale of Two Distant Ages",1461008
"ABC",108420
"Action & Adventure",1365
"Action Anime",2653
"Action Comedies",43040
"Action Sci-Fi & Fantasy",1568
"Action Thrillers",43048
"Action with a Side of Romance",81647318
"Adam Sandler Comedies",9317
"Adult Animated Movies & Shows",11881
"Adventure Movies",7442
"African",3761
"African-American Comedies",4906
"African-American Crime Action & Adventure",3053
"African-American Crime Comedies",177
"African-American Crime Dramas",3959
"African-American Independent Comedies",307
"African-American Independent Crime Dramas",2625
"African-American Military Movies",2081
"African-American Movies",575
"African-American Political Movies",1564
"African-American Romance",3967
"African-American Showbiz Comedies",2576
"African-American Showbiz Dramas",1123
"African-American Sports Movies",1614
"African-American Thrillers",2470
"Alien Movies",3327
"All Laughs, No Laugh Track",81647534
"All the Performers: Their Specials, Shows and More",81599617
"American Folk & Bluegrass",760
"And You Watched It Day and Night",81587950
"Animal Tales",5507
"Animated Movies and TV Shows",4698
"Anime",7424
"Anime Comedies",9302
"Anime Dramas",452
"Anime Dubbed in English",81594538
"Anime Fantasy",11146
"Anime Features",3063
"Anime for Gamers",2797624
"Anime Horror",10695
"Anime Released in 2020",81250121
"Anime Released in 2022",81580601
"Anime Released in 2023",81672891
"Anime Sci-Fi",2729
"Anime Series",6721
"Annie Award Winners & Nominees",81494969
"Apocalyptic Action & Adventure",20424
"Arabic Movies & TV Shows",107456
"Argentinian Movies & TV",100370
"Art House Movies",29764
"Asian & Pacific Islander Hollywood Stars",81452637
"Asian Action Movies",77232
"Asian Americans & Pacific Islanders Behind the Camera - Netflix",81453981
"Asian Comedy Icons",81452635
"Asian LGBTQ Films",2919333
"Assassination Asian Action Films",77796
"Australian Comedies",2030
"Australian Crime Dramas",4767
"Australian Crime Movies",3936
"Australian Crime Thrillers",4816
"Australian Movies",5230
"Australian Movies & TV",100371
"Auteur Movies",801360
"Award-winning Auteur Cinema",1474467
"Award-winning Directors",2787344
"Award-winning Documentaries",93108
"Award-winning Dramas about Friendship",1494606
"Award-Winning Movies",89844
"Award-winning Offbeat TV Dramas",81300907
"Award-Winning TV Shows",89814
"Award-winning TV War & Politics",713151
"B-Horror Movies",8195
"BAFTA Winners",499385
"Baseball",2137
"Baseball Movies",12339
"Based on a work by Agatha Christie",108246
"Basketball Movies",12762
"BBC Miniseries",1580
"BBC TV Shows",3308
"Because She Created",81617009
"Belgian",262
"Belgian Crime Movies",1229
"Belgian Movies & TV",100372
"Bellydancing",3054
"Bengali Movies & TV",107457
"Best Actor Oscar-winning Dramas",72391
"Best Actress Oscar-winning Films",72428
"Best Director Oscar-winning Films",72361
"Best Documentaries",6839
"Best Documentary Oscar-winning Films",72521
"Best Halloween Movies",108663
"Best Romantic Movies",8883
"Best TV Comedy Shows",10375
"Binge-worthy Anime Series",3085265
"Binge-worthy British Crime TV Shows",1192582
"Binge-worthy Fight-the-system TV Programmes",2109769
"Binge-worthy International TV Programmes",1193401
"Binge-worthy TV Comedies",1208237
"Binge-worthy TV Programmes",1191605
"Biographical Children & Family Movies",2478
"Biographical Crime Films",12949
"Biographical Documentaries",3652
"Biographical Dramas",3179
"Biographical Martial Arts Movies",2487
"Biographical Movies",1096
"Biographical Spiritual Documentaries",4462
"Biographical Tearjerkers",3159
"Biographical TV Programmes",2192319
"Black Comedy Icons",81417136
"Black History Is American History",81244298
"Black Sitcoms",81416282
"Black Stories",81243939
"Black Stories",81305957
"Black Stories for Families",81307031
"Blaxploitation Movies",1832
"BMX & Extreme Biking",4582
"Bollywood Movies",5480
"Bollywood Movies Dubbed in English",81611350
"Book Club",81511805
"Boxing M10499ovies",12443
"Boxing Non-fiction",1863
"Bravo Reality TV",1242
"Bravo TV Shows",4536
"Brazilian Dramas",4425
"Brazilian Movies",798
"Brazilian Movies & TV",100373
"Brazilian Music",3033
"British",81399656
"British Action & Adventure",1302
"British Adventures",4915
"British Animal Tales",1878
"British Biographical Dramas",1520
"British Biographical Movies",1031
"British Children & Family Movies",2473
"British Comedies",1009
"British Coming-of-age Movies",2386
"British Crime Dramas",3200
"British Crime Sci-Fi & Fantasy",3615
"British Crime TV Programmes",52100
"British Documentaries",3394
"British Dramas",3682
"British Education for Kids",1606
"British Fantasy Movies",636
"British Gay & Lesbian Dramas",3188
"British Gay & Lesbian Movies",4236
"British Historical Documentaries",3661
"British Horror Movies",4991
"British Independent Crime Movies",2962
"British Independent Political Movies",3290
"British Independent Thrillers",3534
"British Military Dramas",271
"British Monster Movies",4460
"British Movies",10757
"British Movies & TV",100398
"British Mysteries",2754
"British Political Comedies",2636
"British Political Dramas",3250
"British Political Movies",2498
"British Psychological Dramas",3962
"British Social Issue Dramas",2312
"British Thrillers",1774
"British TV Shows",52117
"British TV Shows about Friendship",1497895
"Business Documentaries",48842
"Camp",1252
"Campy Action & Adventure",2161
"Campy British Comedies",768
"Campy Chinese Movies",1762
"Campy Crime Action & Adventure",1714
"Campy Crime Action Sci-Fi & Fantasy",2915
"Campy Crime Satires",4329
"Campy Documentaries",4495
"Campy Fantasy Movies",4352
"Campy Foreign Action & Adventure",1133
"Campy Foreign Comedies",4149
"Campy Horror Movies",1155
"Campy Independent Action & Adventure",3750
"Campy Independent Crime Comedies",1176
"Campy Independent Dramas",4562
"Campy Independent Movies",803
"Campy Independent Satires",2255
"Campy Independent Sci-Fi & Fantasy",4079
"Campy Late Night Comedies",3885
"Campy Mysteries",4196
"Campy Psychological Movies",3899
"Campy Sci-Fi & Fantasy",1194
"Campy Sci-Fi Horror Movies",4140
"Campy Slasher and Serial Killer Movies",1646
"Campy Thrillers",3226
"Campy Zombie Movies",1515
"Canadian Movies & TV",107519
"Cannes Film Festival",81610996
"Car & Motorsport Movies",49944
"Car Culture Shows",753
"Cardio & Aerobics Workouts",711
"Career & Finance",2560
"Casual Viewing",2691054
"Celebrate Asian American & Pacific Islander Stories - Netflix",3137292
"Celebrate Hispanic Heritage",82135590
"Celebrate Pride Month",81289595
"Celebrating Arab Cinema",81522213
"Celebrating Disability with Dimension",81621298
"Celebrating Hispanic Heritage",81335113
"Celebrating Hispanic Heritage",2869688
"Cerebral Action & Adventure",4778
"Cerebral Biographical Dramas",127
"Cerebral Biographical Movies",4518
"Cerebral British Dramas",896
"Cerebral British Movies",2434
"Cerebral Comedies",1119
"Cerebral Crime Dramas",3726
"Cerebral Dramas",2295
"Cerebral Experimental Movies",2747
"Cerebral Foreign Crime Dramas",506
"Cerebral Foreign Political Dramas",2742
"Cerebral Foreign War Movies",157
"Cerebral French-Language Crime Dramas",2935
"Cerebral French-Language Dramas",4521
"Cerebral French-Language Movies",3623
"Cerebral Independent Biographical Movies",2518
"Cerebral Independent Comedies",1474
"Cerebral Independent Crime Movies",3717
"Cerebral Independent Movies",551
"Cerebral Independent Political Movies",368
"Cerebral Italian Dramas",1553
"Cerebral Japanese Dramas",3720
"Cerebral Military Movies",3156
"Cerebral Movies",1813
"Cerebral Political Dramas",814
"Cerebral Political Movies",3152
"Cerebral Scandinavian Movies",995
"Children & Family",783
"Children & Family TV",81246414
"Children’s & Family Emmy Nominees",81657914
"Chilean Movies & TV",1305303
"Chilly Thrillers",81462150
"Chinese",3960
"Chinese Crime Comedies",2942
"Chinese Crime Dramas",371
"Chinese Fantasy Movies",3695
"Chinese Gay & Lesbian Movies",94
"Chinese Horror Movies",2231
"Chinese Movies & TV",100375
"Chinese Sci-Fi & Fantasy",140
"Chinese Thrillers",2292
"Chosen Family",81231348
"Christmas Comedies",1474015
"Christmas Family Movies",81622297
"Cinematography 101",81582655
"Classic Action & Adventure",46576
"Classic Comedies",31694
"Classic Country & Western",2994
"Classic Dramas",29809
"Classic Foreign Movies",32473
"Classic Jazz",2188
"Classic Movies",31574
"Classic Musicals",32392
"Classic Romantic Movies",31273
"Classic Sci-Fi & Fantasy",47147
"Classic Thrillers",46588
"Classic TV Shows",46553
"Classic War Movies",48744
"Classic Westerns",47465
"Classical Instrumental Music",218
"Comedies",6548
"Comedies about Friendship",1497004
"Comedy Blockbusters",1003219
"Comic Book and Superhero Movies",10118
"Coming-of-age Movies",4032
"Competition Reality TV",49266
"Computer Animation",4493
"Computers & Electronics",4981
"Controlling Chaos: Behind the Scenes of The Witcher",81517754
"Controversial Comedies",1948
"Controversial Documentaries",1690
"Controversial Foreign Movies",2273
"Controversial Gay & Lesbian Movies",807
"Controversial Political Movies",593
"Controversial Social & Cultural Documentaries",1070
"Cooking Instruction",2853
"Country & Western/Folk",1105
"Courtroom Action & Adventure",2572
"Courtroom Comedies",599
"Courtroom Documentaries",1078
"Courtroom Dramas",2748
"Courtroom Mysteries",1111
"Courtroom Thrillers",80
"Courtroom TV Dramas",25955
"Creature Features",6895
"Crime Action & Adventure",9584
"Crime Binge",2694067
"Crime Comedies",4058
"Crime Deadly Disasters",3698
"Crime Documentaries",9875
"Crime Dramas",6889
"Crime Historical Documentaries",2846
"Crime Late Night Comedies",2506
"Crime Movies",5824
"Crime Sci-Fi Horror Movies",2769
"Crime Social & Cultural Documentaries",3375
"Crime Thrillers",10499
"Crime Time Travel Movies",574
"Crime TV Shows",26146
"Crime-Fighting Women",2991687
"Critically Acclaimed Dark TV Programmes",2236979
"Critically Acclaimed Documentaries",8673
"Critically Acclaimed Films",3979
"Cult Action & Adventure",2213
"Cult B-Horror Movies",2622
"Cult Comedies",9434
"Cult Crime Comedies",1571
"Cult Horror Movies",10944
"Cult Movies",7627
"Cult Psychological Horror Movies",186
"Cult Satanic Stories",3527
"Cult Sci-Fi & Fantasy",4734
"Cult Sci-Fi Thrillers",2521
"Cult TV Shows",74652
"Culture & Food Across Asia & Pacific Islands",81453982
"Cyberpunk",1964512
"Czech Films & TV",100376
"Czech Movies",1697
"Dance Workouts",1498
"Dark Action Sci-Fi & Fantasy",1452
"Dark Alien Sci-Fi",3166
"Dark British Dramas",494
"Dark British Independent Dramas",831
"Dark British Independent Movies",666
"Dark British Political Movies",2414
"Dark British Thrillers",1556
"Dark Comedies",869
"Dark Courtroom Dramas",4844
"Dark Documentaries",1783
"Dark Dramas",2436
"Dark Experimental Movies",3686
"Dark Fantasy Anime",2691049
"Dark Foreign Action & Adventure",2454
"Dark Foreign Gay & Lesbian Dramas",52
"Dark Foreign Movies",2382
"Dark Foreign Psychological Movies",3155
"Dark Foreign Sci-Fi & Fantasy",3367
"Dark Foreign War Movies",4410
"Dark French-Language Political Movies",3958
"Dark French-Language Thrillers",2051
"Dark Gay & Lesbian Dramas",4539
"Dark Historical Documentaries",2225
"Dark Independent Comedies",1064
"Dark Independent Dramas",232
"Dark Independent Movies",1763
"Dark Independent Mysteries",4694
"Dark Independent Political Dramas",942
"Dark Independent Political Movies",2118
"Dark Independent Psychological Movies",4769
"Dark Independent Showbiz Dramas",3627
"Dark Independent Showbiz Movies",1108
"Dark Independent Thrillers",3678
"Dark Italian Dramas",1138
"Dark Italian Movies",3163
"Dark Japanese Dramas",3302
"Dark Military Action & Adventure",1669
"Dark Military Dramas",430
"Dark Military Historical Documentaries",1607
"Dark Military Movies",2784
"Dark Political Historical Documentaries",4256
"Dark Political Movies",2685
"Dark Political Thrillers",3751
"Dark Russian Dramas",2310
"Dark Scandinavian Movies",1974
"Dark Sci-Fi & Fantasy",3592
"Dark Sci-Fi Thrillers",1374
"Dark Showbiz Dramas",1910
"Dark Showbiz Movies",3553
"Dark Spiritual Documentaries",2667
"Dark Sports Movies",4198
"Dark Spy Movies",1790
"Dark Tearjerkers",1061
"Dark War Documentaries",2785
"Dark War Movies",2611
"Dark Westerns",2012
"Daytime Emmy Winners & Nominees",81496966
"DC Comics",2076672
"Deadpan",108479
"Deadpan Comedies",77219
"Deep Sea Horror Movies",45028
"Detective Action & Adventure",3040
"Detective Dramas",3378
"Disco",3493
"Discovery Channel Documentaries",213
"Discovery Channel TV Shows",1233
"Disney",67673
"Disney Movies",65437
"Disney Musicals",59433
"Diva Worship",81290116
"Documentaries on IMAX",3997
"Documentary Films",2243108
"Docuseries",10105
"Don't Watch Hungry",3272152
"Dramas",5763
"Drug Lords, Mob Bosses, and Gangsters",2202980
"Dutch Movies",10606
"Dutch Movies & TV",100390
"Dysfunctional-family TV Programmes",27560
"Dystopian Futures",2299461
"East Asian Movies & TV",109007
"Eastern European Comedies",3892
"Eastern European Crime Dramas",24
"Eastern European Films",5254
"Eastern European Political Dramas",2374
"Eastern European Political Movies",4208
"Education for Kids",10659
"Emmy Award Winners",109298
"Emmy-winning Animation",804350
"Emmy-winning Binge-worthy TV Programmes",1189238
"Emmy-winning Films",90975
"Emmy-winning TV Dramas",90913
"Emmy-Winning TV Programmes",90911
"Emotional",100039
"Emotional Action & Adventure",2235
"Emotional Biographical Documentaries",3046
"Emotional Biographical Movies",1998
"Emotional Comedies",323
"Emotional Courtroom Dramas",53
"Emotional Documentaries",1271
"Emotional Epics",52982
"Emotional Foreign Crime Movies",2256
"Emotional Foreign Movies",1942
"Emotional German-Language Movies",1309
"Emotional Independent Crime Movies",1943
"Emotional Independent Dramas",3743
"Emotional Independent Political Movies",592
"Emotional Movies",4136
"Emotional Political Dramas",3874
"Emotional Psychological Dramas",352
"Emotional Showbiz Movies",3074
"Emotional Sports Dramas",1734
"Emotional Teen Dramas",1593
"Emotional Teen Movies",694
"Emotional Thrillers",3180
"Emotional TV Programmes",25833
"End-of-the-World Movies",19201
"English Movies & TV",107548
"Ensemble Films",70031
"Ensemble Sitcoms",70659
"Epic Worlds",81232239
"Epics",52858
"Essential Horror Flicks",8711
"European Films",89708
"European Movies & TV",109012
"European Programmes",89663
"Everyone's Home for the Holidays",81735842
"Exciting",100041
"Exciting Action Sci-Fi & Fantasy",3139
"Exciting B-Horror Movies",2852
"Exciting Biographical Movies",2680
"Exciting British Movies",2246
"Exciting Children & Family Movies",2381
"Exciting Creature Features",3028
"Exciting Crime Action Sci-Fi & Fantasy",4110
"Exciting Crime Sci-Fi Thrillers",4904
"Exciting Cult Movies",1752
"Exciting Dramas",2966
"Exciting Foreign Comedies",3282
"Exciting Foreign Crime Dramas",1489
"Exciting Foreign Crime Movies",2448
"Exciting Foreign Dramas",3969
"Exciting Foreign Horror Movies",3272
"Exciting Foreign Sci-Fi & Fantasy",1288
"Exciting Foreign War Movies",837
"Exciting French-Language Dramas",4307
"Exciting Horror Films",11723
"Exciting Independent Crime Movies",4375
"Exciting Independent Dramas",3363
"Exciting Japanese Movies",470
"Exciting Kids' TV",27096
"Exciting Military Documentaries",1685
"Exciting Military Dramas",3848
"Exciting Monster Movies",2832
"Exciting Movies",5343
"Exciting Reality TV",40240
"Exciting Sci-Fi & Fantasy",253
"Exciting Slasher and Serial Killer Movies",3388
"Exciting Vampire Movies",2949
"Exciting War Action Sci-Fi & Fantasy",2638
"Experimental Crime Movies",2796
"Experimental Dramas",2205
"Experimental Horror Movies",2626
"Experimental Movies",11079
"Experimental Sci-Fi & Fantasy",2570
"Explosive Movies",81388367
"Extreme Sports Compilations",4045
"Faith & Spirituality",26835
"Faith & Spirituality Movies",52804
"Familiar Favourites",3052090
"Familiar TV Favorites",81287693
"Family Feature Animation",51058
"Family Features",51056
"Family Watch-together Films",2142378
"Fantasy Movies",9744
"Feel-Good",100058
"Feel-good African-American Movies",322
"Feel-good Australian Movies",879
"Feel-good Biographical Dramas",1021
"Feel-good British Movies",3174
"Feel-good Children & Family Movies",4505
"Feel-good Comedies",943
"Feel-good Coming-of-age Movies",1968
"Feel-good Cult Comedies",1912
"Feel-good Dramas",8860
"Feel-good Films",10579
"Feel-good Foreign Comedies",84
"Feel-good Gay & Lesbian Movies",3788
"Feel-good Independent Comedies",2027
"Feel-good Independent Movies",2607
"Feel-good Satires",1235
"Feel-good Showbiz Dramas",2786
"Feel-good Showbiz Movies",1074
"Feel-good Social & Cultural Documentaries",1016
"Feel-good Sports Comedies",914
"Feel-good Spy Movies",4224
"Feel-good Teen Coming-of-age Comedies",1301
"Feel-good Teen Dramas",4793
"Feel-good Teen Movies",2548
"Feel-good Westerns",2088
"Festival Focus: Cannes, Venice & Berlin",81190111
"Festival Focus: Sundance, SXSW & TIFF",81190112
"Filipino Gay & Lesbian Dramas",1993
"Filipino Gay & Lesbian Movies",2465
"Filipino Horror Movies",2010
"Filipino Movies & TV",100391
"Filipino Sci-Fi & Fantasy",885
"Film Noir",7687
"Films Written By Women",81225828
"Fitness",81664146
"Food & Travel TV",72436
"Food & Wine",3890
"Food for Hungry Brains",81272748
"Food Shows",39135
"Football Movies",12803
"Foreign Action & Adventure",11828
"Foreign Action Sci-Fi & Fantasy",3985
"Foreign Adventures",3912
"Foreign Alien Sci-Fi",3264
"Foreign B-Horror Movies",874
"Foreign Children & Family",3277
"Foreign Comedies",4426
"Foreign Coming-of-age Comedies",1311
"Foreign Coming-of-age Dramas",906
"Foreign Crime Documentaries",340
"Foreign Crime Sci-Fi & Fantasy",4311
"Foreign Cult Horror Movies",1256
"Foreign Cult Movies",4089
"Foreign Documentaries",5161
"Foreign Dramas",2150
"Foreign Experimental Dramas",4405
"Foreign Gay & Lesbian Comedies",1879
"Foreign Gay & Lesbian Crime Dramas",2496
"Foreign Gay & Lesbian Dramas",4862
"Foreign Gay & Lesbian Movies",8243
"Foreign Horror Movies",8654
"Foreign Military Action & Adventure",1317
"Foreign Movies",7462
"Foreign Political Comedies",1356
"Foreign Political Thrillers",976
"Foreign Psychological Horror Movies",190
"Foreign Psychological Movies",3650
"Foreign Satanic Stories",2490
"Foreign Satires",2759
"Foreign Sci-Fi & Fantasy",6485
"Foreign Sci-Fi Horror Movies",3833
"Foreign Slasher and Serial Killer Movies",3868
"Foreign Spy Movies",3766
"Foreign Thrillers",10306
"Foreign War Dramas",4035
"Foreign War Movies",4639
"Foreign Zombie Movies",2143
"Frankenstein Movies",652
"French",81399454
"French Movies",58807
"French Movies & TV",107562
"French Movies & TV Shows",100378
"French-Language Action & Adventure",4447
"French-Language Biographical Movies",4165
"French-Language Comedies",2058
"French-Language Coming-of-age Dramas",308
"French-Language Coming-of-age Movies",2103
"French-Language Crime Comedies",3071
"French-Language Documentaries",370
"French-Language Dramas",1092
"French-Language Gay & Lesbian Dramas",4286
"French-Language Gay & Lesbian Movies",3919
"French-Language Military Dramas",337
"French-Language Military Movies",4888
"French-Language Mysteries",930
"French-Language Political Movies",2577
"French-Language Sci-Fi & Fantasy",381
"French-Language War Dramas",2937
"From Women, For The World",81582560
"Full of Suspense",100055
"Futuristic Sci-Fi",1626246
"Gal Pal TV Programmes",1143288
"Gal Pals",1307137
"Gal Pals Films & TV Programmes",1144186
"Gambling Dramas",12554
"Gangster Dramas",31043
"Gangster Movies",31851
"Gangster TV Dramas",76786
"Gangster TV Programmes",64342
"Gay & Lesbian Action & Adventure",222
"Gay & Lesbian Biographical Dramas",1848
"Gay & Lesbian Comedies",7120
"Gay & Lesbian Coming-of-age Movies",2724
"Gay & Lesbian Crime Movies",873
"Gay & Lesbian Cult Movies",2854
"Gay & Lesbian Documentaries",4720
"Gay & Lesbian Dramas",500
"Gay & Lesbian Historical Documentaries",125
"Gay & Lesbian Movies",5977
"Gay & Lesbian Mysteries",4050
"Gay & Lesbian Political Dramas",4861
"Gay & Lesbian Psychological Movies",5
"Gay & Lesbian Romance",3329
"Gay & Lesbian Showbiz Comedies",2053
"Gay & Lesbian Social & Cultural Documentaries",3408
"Gay & Lesbian Social Issue Dramas",2619
"Gay & Lesbian Tearjerkers",1469
"Gay & Lesbian Thrillers",3091
"Gay & Lesbian TV Shows",65263
"Geeked Week",81610621
"Geeked: Sci-fi, Fantasy, Superhero & More",2867911
"Gentle British Reality TV",81240711
"German",81417795
"German Movies",58886
"German Movies & TV Shows",100379
"German-Language Crime Dramas",1198
"German-Language Dramas",4027
"German-Language Horror Movies",3038
"German-Language Political Dramas",2087
"German-Language War Dramas",4863
"Get In On the Action",81206194
"Get Into the Olympic & Paralympic Spirit",2693134
"GLAAD Award Nominees",2868223
"Global Perspectives",81397797
"Golden Globe Award-winning Dramas",82503
"Golden Globe Award-winning Films",82489
"Golden Globe Award-winning Musicals",82862
"Golden Globe Award-winning Sitcoms",83116
"Golden Globe Award-winning TV Programmes",83050
"Golden Globe Nominees",81496963
"Golden Globe Nominees",81396373
"Golden Globe Winners",108861
"Golf",3116
"Goofy Action & Adventure",211
"Goofy Action Sci-Fi & Fantasy",1137
"Goofy Adventures",93
"Goofy Animal Tales",904
"Goofy Australian Movies",3011
"Goofy Children & Family Movies",355
"Goofy Chinese Movies",4210
"Goofy Comic Book and Superhero Movies",2127
"Goofy Coming-of-age Movies",2021
"Goofy Courtroom Movies",285
"Goofy Creature Features",3289
"Goofy Crime Comedies",969
"Goofy Crime Dramas",2272
"Goofy Crime Sci-Fi & Fantasy",2469
"Goofy Crime Thrillers",28
"Goofy Cult Late Night Comedies",4772
"Goofy Cult Movies",258
"Goofy Detective Movies",300
"Goofy Foreign Comedies",2241
"Goofy Foreign Crime Comedies",1128
"Goofy Gay & Lesbian Movies",3822
"Goofy Horror Movies",4021
"Goofy Independent Comedies",1101
"Goofy Independent Crime Movies",4661
"Goofy Independent Crime Satires",3664
"Goofy Independent Satires",4757
"Goofy Movies",2351
"Goofy Political Comedies",1629
"Goofy Political Movies",3616
"Goofy Sci-Fi Adventure",4636
"Goofy Showbiz Comedies",1547
"Goofy Slasher and Serial Killer Movies",3712
"Goofy Sports Children & Family Movies",4173
"Goofy Spy Movies",2998
"Goofy Stand-up Comedy",1088
"Goofy Teen Comedies",3729
"Goofy Teen Coming-of-age Movies",1918
"Goofy War Comedies",3299
"Goofy War Movies",3793
"Goofy Zombie Movies",3976
"Gory Adventures",3369
"Gory Alien Sci-Fi",4057
"Gory Biographical Dramas",2140
"Gory British Movies",1877
"Gory Comedies",1077
"Gory Crime Comedies",4630
"Gory Crime Movies",161
"Gory Cult Comedies",526
"Gory Cult Horror Movies",1208
"Gory Cult Movies",3547
"Gory Foreign Crime Thrillers",3015
"Gory Foreign Dramas",2673
"Gory Foreign Thrillers",537
"Gory Independent Comedies",4768
"Gory Independent Dramas",1199
"Gory Independent Horror Movies",4695
"Gory Independent Movies",1407
"Gory Italian Crime Movies",2214
"Gory Japanese Horror Movies",4945
"Gory Military Action & Adventure",4162
"Gory Monster Movies",1524
"Gory Movies",615
"Gory Political Dramas",4873
"Gory Psychological Horror Movies",269
"Gory Psychological Movies",311
"Gory Psychological Mysteries",3581
"Gory Psychological Thrillers",2523
"Gory Satanic Stories",1657
"Gory Satires",1663
"Gory Sci-Fi Horror Movies",564
"Gory Thrillers",4117
"Gory Vampire Movies",1660
"Gory War Dramas",3485
"Gory War Sci-Fi & Fantasy",4884
"Gory Werewolf Movies",2787
"Goth & Industrial",2719
"Greek Movies",61115
"Greek-Language Dramas",2431
"Gritty Adventures",4732
"Gritty African-American Crime Dramas",4579
"Gritty African-American Dramas",1922
"Gritty African-American Movies",3185
"Gritty Australian Movies",4297
"Gritty Biographical Dramas",4954
"Gritty Blaxploitation Movies",3103
"Gritty Brazilian Movies",4624
"Gritty British Crime Dramas",4478
"Gritty British Crime Thrillers",2763
"Gritty British Movies",3989
"Gritty British War Movies",1769
"Gritty Chinese Action & Adventure",2666
"Gritty Courtroom Dramas",1891
"Gritty Courtroom Movies",2835
"Gritty Crime Dramas",4500
"Gritty Crime Sci-Fi & Fantasy",457
"Gritty Crime Thrillers",2564
"Gritty Cult Movies",4908
"Gritty Detective Movies",2857
"Gritty Detective Thrillers",1793
"Gritty Documentaries",153
"Gritty Dramas",3354
"Gritty Foreign Documentaries",1351
"Gritty Foreign Military Movies",990
"Gritty Foreign Movies",816
"Gritty Foreign Political Movies",1684
"Gritty Foreign Westerns",4660
"Gritty French-Language Crime Movies",892
"Gritty French-Language Movies",4341
"Gritty Gay & Lesbian Crime Dramas",860
"Gritty Gay & Lesbian Dramas",1862
"Gritty Independent Crime Dramas",1204
"Gritty Independent Crime Movies",2124
"Gritty Independent Crime Thrillers",1427
"Gritty Independent Military Movies",1830
"Gritty Independent Movies",953
"Gritty Independent Political Dramas",2138
"Gritty Independent Political Movies",4937
"Gritty Independent Showbiz Dramas",889
"Gritty Italian Action & Adventure",3396
"Gritty Italian Movies",1643
"Gritty Japanese Crime Action & Adventure",178
"Gritty Japanese Crime Movies",415
"Gritty Japanese Movies",1615
"Gritty Latin American Dramas",2926
"Gritty Latin American Movies",2872
"Gritty Latino Crime Dramas",4126
"Gritty Latino Crime Movies",3247
"Gritty Latino Dramas",279
"Gritty Martial Arts Movies",4367
"Gritty Mexican Action & Adventure",3931
"Gritty Mexican Movies",1170
"Gritty Military Action & Adventure",4617
"Gritty Military Dramas",3856
"Gritty Movies",3223
"Gritty Mysteries",247
"Gritty Political Action & Adventure",1795
"Gritty Political Thrillers",502
"Gritty Psychological Action & Adventure",3676
"Gritty Psychological Dramas",2631
"Gritty Psychological Movies",3205
"Gritty Sci-Fi & Fantasy",548
"Gritty Showbiz Movies",1982
"Gritty Spanish-Language Dramas",1655
"Gritty Spanish-Language Movies",1040
"Gritty Sports Documentaries",1536
"Gritty Sports Dramas",550
"Gritty Sports Movies",2109
"Gritty Spy Action & Adventure",1590
"Gritty Spy Movies",4514
"Gritty Spy Thrillers",2450
"Gritty Tearjerkers",276
"Gritty War Dramas",4853
"Gritty Westerns",265
"Halloween Collection",81612176
"Halloween Favorites",81336575
"Harlan Coben Collection",81180221
"HBO",100407
"Healthy Living Shows",2927
"Heartfelt",100045
"Heartfelt Biographical Dramas",3379
"Heartfelt Dramas",985
"Heartfelt Independent Dramas",160
"Heartfelt Independent Movies",2415
"Heartfelt Sports Movies",4116
"Heartfelt Tearjerkers",1812
"Heartfelt War Dramas",290
"Hidden Gems",753215
"High Brow Horror",3261672
"High School TV Comedies",26108
"Higher Ground Productions",81486267
"Hindi Movies & TV",107461
"Historical Documentaries",5349
"Historical TV Programmes",83181
"Historical War Documentaries",3667
"Hit-man Films",14981
"Hobbies & Games",4056
"Holiday Movies",107093
"Hollywood Blockbuster Movies",90139
"Hollywood Family Films",2788233
"Hollywood Films",2298875
"Home Entertaining",4200
"Home Improvement",3293
"Homework Help",2380
"Hong Kong Movies & TV",107576
"Horror Comedy",89585
"Human Connections",81271205
"Ice Hockey",4511
"Imaginative",100046
"Imaginative Action Sci-Fi & Fantasy",1087
"Imaginative Children & Family Movies",312
"Imaginative Comedies",260
"Imaginative Crime Movies",4358
"Imaginative Crime Sci-Fi & Fantasy",1807
"Imaginative Fantasy Movies",2384
"Imaginative Fantasy TV",3300556
"Imaginative Foreign Movies",4404
"Imaginative Foreign Sci-Fi & Fantasy",3883
"Imaginative Independent Dramas",293
"Imaginative Movies",2979
"Imaginative Sci-Fi & Fantasy",3998
"Imaginative Time Travel Movies",4840
"Imaginative TV Cartoons",40519
"Imaginative TV Programmes",26089
"Independent Action & Adventure",11804
"Independent Action Sci-Fi & Fantasy",2254
"Independent B-Horror Movies",1045
"Independent Biographical Dramas",4708
"Independent Children & Family Movies",1525
"Independent Comedies",4195
"Independent Coming-of-age Dramas",1071
"Independent Detective Thrillers",1551
"Independent Dramas",384
"Independent Late Night Comedies",2955
"Independent Military Movies",463
"Independent Movies",7077
"Independent Movies about Food",852
"Independent Mysteries",4251
"Independent Political Comedies",1326
"Independent Political Thrillers",242
"Independent Psychological Horror Movies",3880
"Independent Psychological Movies",2967
"Independent Satires",4502
"Independent Sci-Fi Dramas",3100
"Independent Sci-Fi Thrillers",3795
"Independent Showbiz Satires",374
"Independent Slasher and Serial Killer Movies",2461
"Independent Sports Movies",3331
"Independent Thrillers",3269
"Independent Time Travel Movies",1376
"Indian",81418683
"Indian Action & Adventure",4749
"Indian Crime Action & Adventure",2870
"Indian Movies",10463
"Indian Political Dramas",3045
"Indian Political Movies",1843
"Indian Thrillers",1719
"Inspirational Music",2222
"Inspiring",100047
"Inspiring Animal Tales",1986
"Inspiring Biographical Documentaries",4731
"Inspiring Coming-of-age Dramas",369
"Inspiring Courtroom Dramas",3008
"Inspiring Courtroom Movies",1081
"Inspiring Documentaries",7157
"Inspiring Education & Guidance",2753
"Inspiring Foreign Dramas",796
"Inspiring Independent Sports Dramas",1531
"Inspiring Military Dramas",2192
"Inspiring Military Movies",4583
"Inspiring Movies",10619
"Inspiring Political Documentaries",4088
"Inspiring Political Movies",4362
"Inspiring Social & Cultural Documentaries",2590
"Inspiring Sports Documentaries",4018
"Inspiring Sports Movies",886
"Inspiring Teen Movies",1349
"Interactive Specials",2869704
"International Comedies",852492
"International Emmy Nominees",81657886
"International Emmy Winners",81657887
"International Movies",78367
"International Movies Dubbed in English",81611351
"International Programmes",1195213
"Intimate",3066432
"Investigative",3053904
"Iranian Comedies",4267
"Irish Movies",58750
"Irish Movies & TV",107566
"Irreverent",100048
"Irreverent Action & Adventure",464
"Irreverent African-American Comedies",1574
"Irreverent British Crime Movies",1035
"Irreverent British Independent Comedies",2123
"Irreverent British Independent Movies",2291
"Irreverent Comic Book and Superhero Movies",1846
"Irreverent Coming-of-age Comedies",863
"Irreverent Crime Comedies",2679
"Irreverent Cult Movies",3112
"Irreverent Documentaries",4608
"Irreverent Foreign Comedies",138
"Irreverent Foreign Crime Comedies",2508
"Irreverent Foreign Crime Movies",3638
"Irreverent Foreign Dramas",697
"Irreverent French-Language Comedies",1584
"Irreverent French-Language Movies",1735
"Irreverent Gay & Lesbian Comedies",1397
"Irreverent Gay & Lesbian Movies",971
"Irreverent Horror Movies",3642
"Irreverent Independent Comedies",2823
"Irreverent Independent Mockumentaries",4553
"Irreverent Independent Showbiz Comedies",2633
"Irreverent Independent Showbiz Movies",2710
"Irreverent Military Movies",4506
"Irreverent Mysteries",2701
"Irreverent Political Comedies",1873
"Irreverent Political Movies",1814
"Irreverent Spanish-Language Comedies",379
"Irreverent Sports Comedies",4774
"Irreverent Teen Comedies",1347
"Irreverent Thrillers",1729
"Israeli Comedies",2550
"Israeli Movies",4718
"Israeli Political Movies",4711
"Italian Comedies",3300
"Italian Crime Dramas",4107
"Italian Crime Movies",3244
"Italian Crime Thrillers",1007
"Italian Dramas",4282
"Italian Movies",8221
"Italian Movies & TV Shows",100384
"Italian Movies & TV Shows",107553
"Italian Political Dramas",853
"Italian Political Movies",4538
"Italian Summer",81602646
"Italian War Movies",1292
"Italian Westerns",4380
"Japanese Action & Adventure",4344
"Japanese Action Sci-Fi & Fantasy",524
"Japanese Anime",1462141
"Japanese Comedies",1747
"Japanese Crime Action & Adventure",407
"Japanese Crime Thrillers",2743
"Japanese Dramas",2893
"Japanese Gay & Lesbian Movies",709
"Japanese Movies",10398
"Japanese Movies & TV",100385
"Japanese Sci-Fi & Fantasy Anime",1462167
"Japanese Thrillers",799
"Japanese TV Shows",64256
"Jazz & Easy Listening",10271
"Jewish Dramas",2718
"Jewish Spiritual Documentaries",1526
"Jumpstart Your Day TV for Kids",2013078
"K-Dramas",2638104
"K-Dramas for Beginners",2953105
"K-pop Stars on Stage and on Screen",81332708
"Karaoke",1558
"Kenyan Movies & TV",81472078
"Kick-ass Ladies",108524
"Kids Animated Movies & TV",81331102
"Kids Cultural Moment",81447473
"Kids Faith & Spirituality",751423
"Kids Music",52843
"Kids TV Shows",27346
"Kids’ fitness",1530
"Korean Crime Thrillers",434
"Korean Dramas",1989
"Korean Movies",5685
"Korean Sci-Fi & Fantasy",859
"Korean TV Shows",67879
"Korean-Language Movies & TV",107555
"Late Night Comedies",1402
"Latin & Ballroom Dance",1366
"Latin American",1613
"Latin American Comedies",3996
"Latin American Crime Movies",4756
"Latin American Movies & TV",100387
"Latin American Political Movies",1979
"Latin Music",10741
"Latino Crime Action & Adventure",3935
"Latino Crime Dramas",2361
"Latino Independent Comedies",4516
"Latino Movies",129
"Lavish Reality Lifestyles",81418611
"Learn Something New",81397795
"LEGO Films & Programmes",666414
"LGBTQ Directors",81288351
"LGBTQ Stories",100010
"LGBTQ Stories for Families",81290117
"LGBTQ Teen TV",3057476
"LGBTQ+ Art House Movies",30112
"Limited Series",2992583
"Lovable Losers",108523
"Love Hurts",2708690
"Love in Prose",81570880
"Low-Impact Workouts",51
"Luis Estrada",81640004
"Made in Africa",81284582
"Made In India",100381
"Made in South Africa",81512119
"Magic & Illusion",1433
"Magical Movies ",45026
"Malaysian Movies & TV",1705299
"Mandarin Movies & TV Shows",107556
"MAPPA",82705933
"Marathi Movies & TV Shows",2139208
"Martial Arts & Boxing Workouts",2875
"Martial Arts Movies",8985
"Martial Arts, Boxing & Wrestling",6695
"Marvel Comics",1611208
"Medical TV Programmes",34028
"Mexican Comedies",105
"Mexican Crime Movies",3323
"Mexican Documentaries",4048
"Mexican Dramas",2757
"Mexican Movies & TV",100388
"Mexican Political Movies",3590
"Middle Eastern Documentaries",3860
"Middle Eastern Movies",5875
"Middle Eastern Movies & TV",100389
"Military Action & Adventure",2125
"Military Documentaries",4006
"Military Dramas",11
"Military Science & Nature Documentaries",3951
"Military Social & Cultural Documentaries",2616
"Military TV Shows",25804
"Military Westerns",245
"Mind and Body",3588
"Mind-bending",100049
"Mind-bending Action & Adventure",4751
"Mind-bending Animation",3777
"Mind-bending Biographical Movies",4497
"Mind-bending Comedies",864
"Mind-bending Crime Movies",2232
"Mind-bending Crime Sci-Fi & Fantasy",2639
"Mind-bending Crime Sci-Fi Thrillers",405
"Mind-bending Cult Movies",1507
"Mind-bending Cult Sci-Fi & Fantasy",2770
"Mind-bending Dramas",3082
"Mind-bending Experimental Movies",2725
"Mind-bending Fantasy Movies",3479
"Mind-bending Foreign Crime Movies",4790
"Mind-bending French-Language Dramas",672
"Mind-bending French-Language Movies",4895
"Mind-bending Independent Comedies",2122
"Mind-bending Independent Movies",3459
"Mind-bending Independent Thrillers",2402
"Mind-bending Japanese Crime Movies",1201
"Mind-bending Movies",1089
"Mind-bending Political Movies",1424
"Mind-bending Psychological Dramas",3426
"Mind-bending Psychological Horror Movies",847
"Mind-bending Psychological Sci-Fi & Fantasy",3774
"Mind-bending Psychological Sci-Fi Thrillers",1665
"Mind-bending War Movies",2447
"Miniseries",4814
"Mockumentaries",26
"Modern Classics",76186
"Monster Movies",947
"Mood Boosters",2990488
"Most Favorites",81472392
"Mother-Son Relationship Comedies",18176
"Motorsports",2647
"Movies",34399
"Movies",2495600
"Movies on IMAX",339
"Movies over 2 Hours",81396430
"Movies under 90 Minutes",81396425
"Movies with Memorable Soundtracks",81263813
"MTV TV Shows",4221
"Murder Mysteries",70021
"Music",1701
"Music & Concert Documentaries",90361
"Music & Musicals",52852
"Musicals",13335
"Mysteries",9994
"Nature & Ecology Documentaries",48768
"NBC",107964
"Netflix & Groove",81215783
"Netflix 2022 Emmy Collection",81614964
"Netflix 2022 Oscars Collection",81586723
"Netflix 2023 Emmy Collection",81712165
"Netflix 2023 Oscars Collection",81670759
"Netflix 27th Annual Critics Choice Winners",81595743
"Netflix 29th Annual SAG Awards Collection",81671725
"Netflix at the Oscars",81674789
"Netflix Is A Joke",2867892
"Netflix is a Joke: The Festival",81605582
"Netflix Originals 2020 Emmy Nominees",81307145
"New Zealand Movies",63782
"New Zealand Movies & TV",107575
"Nollywood Movies & TV",1077508
"Nostalgic '90s",2691941
"Offbeat Comedies",1637327
"Offbeat TV Programmes",1625327
"Once Upon a Story",81674763
"One World, Infinite Wonder",81588405
"Only on Netflix",839338
"Opera & Operetta",365
"Oscar Winners & Recent Nominees",2991699
"Oscar-Nominated Movies",81396365
"Oscar-winning Action",51098
"Oscar-winning Auteur Cinema",1474459
"Oscar-winning Dramas",51236
"Oscar-winning Films",51063
"Oscar-winning Historical Films",781638
"Oscar-winning International Movies",1474963
"Oscar-winning Romantic Dramas",51246
"Oscar-winning War Films",73206
"Oscars Spotlight",82679055
"Other Epic Worlds",81553503
"Outdoor & Mountain Sports",2706
"Pakistani Movies & TV",2204176
"Palestinian Stories",81515124
"Period Dramas",12123
"Podcasts",82696818
"Polish War Movies",493
"Polish-Language Movies & TV",107559
"Political Comedies",2700
"Political Documentaries",7018
"Political Dramas",6616
"Political Films",82066366
"Political Movies",2286
"Political Spiritual Documentaries",423
"Political Tearjerkers",1291
"Political Thrillers",10504
"Political TV Programmes",25807
"Pop",2145
"Pop Culture Icons",81278963
"Pot Luck",81607968
"Prank Comedy",81614237
"Provocative TV Documentaries",74155
"Psychological Dramas",1338
"Psychological Film Noir",4188
"Psychological Horror Movies",4809
"Psychological Movies",1411
"Psychological Satanic Stories",1567
"Psychological Thrillers",5505
"Punjabi Movies & TV Shows",107466
"Qué Drama",81577100
"Queue's Queue: Father Figures",81484151
"Queue's Queue: New Year's Edition",81573422
"Queue's Queue: New Year's Edition 2022",81667989
"Queue's Queue: Sports Edition",81496044
"Queue's Queue: Summer Hits",81481914
"Quirky",100050
"Quirky Adventures",87
"Quirky African-American Movies",4932
"Quirky Biographical Documentaries",4467
"Quirky British Comedies",3266
"Quirky British Crime Movies",1173
"Quirky British Independent Comedies",450
"Quirky British Independent Movies",2392
"Quirky Children & Family Movies",4656
"Quirky Comic Book and Superhero Movies",4047
"Quirky Courtroom Movies",4305
"Quirky Crime Satires",1625
"Quirky Crime Thrillers",4039
"Quirky Detective Movies",4326
"Quirky Documentaries",1766
"Quirky Foreign Action & Adventure",851
"Quirky Foreign Crime Comedies",916
"Quirky Foreign Crime Movies",3723
"Quirky Foreign Gay & Lesbian Movies",521
"Quirky Foreign Movies",2352
"Quirky Foreign Thrillers",2688
"Quirky Gay & Lesbian Dramas",3171
"Quirky Gay & Lesbian Movies",1095
"Quirky German-Language Movies",1739
"Quirky Horror Movies",729
"Quirky Independent Action & Adventure",498
"Quirky Independent Biographical Movies",238
"Quirky Independent Comedies",147
"Quirky Independent Crime Action & Adventure",3775
"Quirky Independent Crime Comedies",1281
"Quirky Independent Crime Dramas",3138
"Quirky Independent Crime Movies",748
"Quirky Independent Dramas",4100
"Quirky Independent Showbiz Comedies",1012
"Quirky Independent Showbiz Dramas",2237
"Quirky Independent Showbiz Movies",2847
"Quirky Italian Movies",3136
"Quirky Movies",4444
"Quirky Mysteries",3658
"Quirky Political Comedies",40
"Quirky Political Satires",2624
"Quirky Romance",36103
"Quirky Satires",313
"Quirky Sci-Fi & Fantasy",3692
"Quirky Sci-Fi Thrillers",1534
"Quirky Showbiz Dramas",965
"Quirky Showbiz Movies",3518
"Quirky Spanish-Language Movies",2594
"Quirky Spy Comedies",3584
"Quirky Teen Dramas",1610
"Quirky Thrillers",2641
"Raunchy",100051
"Raunchy Action & Adventure",2884
"Raunchy African-American Comedies",4839
"Raunchy B-Horror Movies",1659
"Raunchy Crime Action & Adventure",2119
"Raunchy Crime Movies",3986
"Raunchy Gay & Lesbian Comedies",1788
"Raunchy Independent Satires",4228
"Raunchy Late Night Comedies",4710
"Raunchy Political Movies",2185
"Raunchy Satires",295
"Raunchy Slasher and Serial Killer Movies",3607
"Raunchy Sports Movies",4003
"Real Martial Arts",3143
"Reality TV",9833
"Recent Festival Favorites",2788236
"Reggae",3081
"Reggaeton",3656
"Relentless Crime Thrillers",81226732
"Religious Documentaries",10005
"Reluctant Adults",3053870
"Retro TV",2008977
"Revenge Action & Adventure",14668
"Revenge TV Programmes",26044
"Rock & Pop Concerts",3278
"Rock & Roll Oldies",1856
"Rockumentaries",4649
"Romantic African-American Comedies",1995
"Romantic Australian Movies",433
"Romantic Biographical Dramas",488
"Romantic British Dramas",4680
"Romantic British Independent Dramas",2504
"Romantic British Independent Movies",4591
"Romantic Chinese Movies",3666
"Romantic Comedies",5475
"Romantic Coming-of-age Dramas",2302
"Romantic Coming-of-age Movies",1448
"Romantic Crime Action & Adventure",952
"Romantic Dramas",1255
"Romantic Fantasy Movies",2211
"Romantic Favorites",502675
"Romantic Filipino Movies",85
"Romantic Foreign Crime Dramas",878
"Romantic Foreign Dramas",3134
"Romantic Foreign Movies",7153
"Romantic Foreign War Dramas",101
"Romantic French-Language Comedies",98
"Romantic French-Language Dramas",787
"Romantic Independent Biographical Dramas",1786
"Romantic Independent Biographical Movies",2831
"Romantic Independent Coming-of-age Movies",2665
"Romantic Independent Crime Dramas",1821
"Romantic Independent Crime Movies",2834
"Romantic Independent Movies",9916
"Romantic Independent Political Dramas",2960
"Romantic Indian Dramas",4729
"Romantic Korean TV Comedies",1461331
"Romantic Political Dramas",1872
"Romantic Political Movies",321
"Romantic Social Issue Dramas",1332
"Romantic Sports Comedies",3390
"Romantic Sports Movies",3680
"Romantic Teen Comedies",3186
"Romantic Teen Coming-of-age Comedies",146
"Romantic Teen Coming-of-age Dramas",1378
"Romantic Teen Dramas",330
"Romantic Teen Movies",1764
"Romantic TV Dramas",26056
"Romantic War Movies",2618
"Rugged Reality TV",2787029
"Russian",11567
"Russian Action & Adventure",3659
"Russian Crime Movies",241
"Russian Military Movies",1024
"Russian Movies & TV",100393
"Russian Political Dramas",3708
"Russian Political Movies",3230
"Russian War Dramas",4138
"Russian War Movies",4993
"Ryan Murphy Collection",81173845
"Sacred Classical Music",341
"Sacred Folk & Traditional Music",1319
"SAG Award Winners & Nominees",81671734
"Satanic Stories",6998
"Satires",4922
"Saturday Night Live",3980
"Scandanavian TV",76802
"Scandinavian Crime Dramas",4455
"Scandinavian Crime Movies",1884
"Scandinavian Dramas",2696
"Scandinavian Movies",9292
"Scandinavian Movies & TV",100394
"Scandinavian Thrillers",1321
"Scary Action & Adventure",4153
"Scary Action Sci-Fi & Fantasy",1453
"Scary British Psychological Thrillers",2134
"Scary Comedies",932
"Scary Comic Book and Superhero Movies",674
"Scary Crime Movies",1352
"Scary Crime Sci-Fi & Fantasy",2476
"Scary Crime Sci-Fi Thrillers",252
"Scary Cult Comedies",4962
"Scary Cult Crime Movies",3521
"Scary Cult Sci-Fi Horror Movies",2986
"Scary Detective Thrillers",557
"Scary Dramas",3488
"Scary Experimental Movies",2172
"Scary Foreign Action & Adventure",3468
"Scary Foreign Crime Dramas",3725
"Scary Foreign Movies",3060
"Scary Foreign Mysteries",3173
"Scary Foreign Psychological Movies",677
"Scary Foreign Psychological Thrillers",2904
"Scary Foreign Sci-Fi & Fantasy",3403
"Scary Foreign Thrillers",2168
"Scary French-Language Thrillers",4203
"Scary German-Language Movies",2400
"Scary Independent Crime Movies",185
"Scary Independent Dramas",4860
"Scary Independent Movies",2552
"Scary Independent Mysteries",509
"Scary Italian Crime Movies",3817
"Scary Italian Crime Thrillers",927
"Scary Italian Movies",3779
"Scary Psychological Movies",2048
"Scary Satires",511
"Scary Sci-Fi Horror Movies",2263
"Scary Sci-Fi Thrillers",3608
"Scary Spanish-Language Movies",3303
"Scary War Movies",4822
"Scary Westerns",2080
"Schemers & Scammers",81493295
"Sci-Fi & Fantasy",1492
"Sci-Fi Adventure",6926
"Sci-Fi Dramas",3916
"Sci-Fi Horror",1694
"Sci-Fi Movies",3276033
"Sci-Fi Series",3300242
"Sci-Fi Thrillers",11014
"Science",4975
"Science & Nature Docs",2595
"Science & Nature TV",52780
"Screen Time, Quality Time",81725627
"Screwball Comedies",9702
"Sentimental",100054
"Sentimental Action & Adventure",4879
"Sentimental Adventures",3937
"Sentimental African-American Comedies",4795
"Sentimental African-American Dramas",2301
"Sentimental Animal Tales",3338
"Sentimental Biographical Dramas",3452
"Sentimental Biographical Movies",4619
"Sentimental Children & Family Movies",4942
"Sentimental Coming-of-age Movies",4309
"Sentimental Dramas",2183
"Sentimental French-Language Movies",4513
"Sentimental Indian Dramas",3759
"Sentimental Political Dramas",1368
"Sentimental Social Issue Dramas",4191
"Sentimental Spanish-Language Dramas",3446
"Sentimental Sports Movies",2258
"Sentimental Teen Coming-of-age Movies",1124
"Sentimental Teen Dramas",1013
"Sentimental Thrillers",4871
"Sentimental War Dramas",4051
"Shondaland Collection",81349039
"Shonen Jump Anime",2867925
"Short Films and Documentaries",3345391
"Short-Ass Movies",81603903
"Showbiz Comedies",3706
"Showbiz Dramas",5012
"Showbiz Mockumentaries",4489
"Showbiz Musicals",13573
"Silent Movies",53310
"Sing Me A Story",81507118
"Singaporean Movies & TV",1715778
"Sitcoms",3903
"Six Degrees of Kevin Bacon",81614959
"Skateboarding Non-fiction",1906
"Skiing Non-fiction",4437
"Slapstick Comedies",10256
"Slasher and Serial Killer Movies",8646
"Small Town Charm",81615585
"Small Town Scares",81496215
"Soccer",3215
"Soccer Movies",12549
"Social & Cultural Documentaries",3675
"Social & Cultural Documentaries about Food",1532
"Social Issue Dramas",3947
"Social Issue TV Dramas",2691116
"Southeast Asian Comedies",984
"Southeast Asian Movies",9196
"Spanish",81399657
"Spanish Movies",58741
"Spanish Movies & TV Shows",100396
"Spanish-Language Comedies",4692
"Spanish-Language Crime Thrillers",3605
"Spanish-Language Gay & Lesbian Dramas",3635
"Spanish-Language Gay & Lesbian Movies",1501
"Spanish-Language Political Dramas",4113
"Spatial Audio",81623796
"Spicy Romance",81572628
"Spiritual Documentaries",2760
"Sports & Fitness",9327
"Sports Children & Family Movies",453
"Sports Comedies",5286
"Sports Documentaries",180
"Sports Dramas",7243
"Sports Movies",4370
"Sports Tearjerkers",3224
"Sports TV Programmes",25788
"Spy Action & Adventure",10702
"Spy Dramas",2536
"Spy Movies",2477
"Spy Thrillers",9147
"Stage Musicals",55774
"Stand-up & Chat Shows",1516534
"Stand-Up Comedy",11559
"Star Power",81700935
"Stay Current",81397794
"Steamy Action & Adventure",2383
"Steamy B-Horror Movies",3913
"Steamy Biographical Dramas",2333
"Steamy Biographical Movies",2158
"Steamy British Dramas",3699
"Steamy British Independent Dramas",4170
"Steamy British Movies",2901
"Steamy Comedies",3119
"Steamy Coming-of-age Dramas",3948
"Steamy Coming-of-age Movies",3239
"Steamy Crime Movies",993
"Steamy Cult Movies",3199
"Steamy Dramas",794
"Steamy Foreign Crime Dramas",2562
"Steamy Foreign Dramas",2187
"Steamy Foreign Gay & Lesbian Dramas",4593
"Steamy Foreign Horror Movies",4356
"Steamy Foreign Psychological Movies",3296
"Steamy Foreign Thrillers",3810
"Steamy French-Language Dramas",4967
"Steamy French-Language Gay & Lesbian Dramas",3914
"Steamy French-Language Gay & Lesbian Movies",2524
"Steamy German-Language Movies",2317
"Steamy Horror Movies",1358
"Steamy Independent Comedies",4243
"Steamy Independent Crime Movies",1946
"Steamy Independent Dramas",4754
"Steamy Independent Movies",2223
"Steamy Independent Thrillers",4509
"Steamy Italian Dramas",4322
"Steamy Italian Movies",397
"Steamy Japanese Dramas",4085
"Steamy Late Night Comedies",533
"Steamy Movies",11781
"Steamy Mysteries",2023
"Steamy Political Dramas",1483
"Steamy Political Movies",3535
"Steamy Psychological Movies",545
"Steamy Romantic Movies",35800
"Steamy Satires",4825
"Steamy Showbiz Movies",817
"Steamy Social & Cultural Documentaries",2992
"Steamy Thrillers",972
"Steamy Vampire Movies",1075
"Streamberry's Top Picks For You",81702620
"Stunts & General Mayhem",3050
"Summer - Now Showing",81683021
"Summer Break",81473437
"Summer Movies",81453863
"Sundance Film Festival Award Winners",108850
"Sundance Film Festival Award-winning Documentaries",81671
"Sundance Film Festival Award-winning Movies",81548
"Supernatural Horror Movies",42023
"Supernatural Thrillers",11140
"Supernatural TV Drama",42156
"Suspense Teen TV Programmes",68272
"Suspenseful Action & Adventure",42
"Suspenseful African-American Action & Adventure",3265
"Suspenseful African-American Movies",2559
"Suspenseful Alien Sci-Fi",4623
"Suspenseful Australian Dramas",665
"Suspenseful Australian Movies",3802
"Suspenseful British Independent Movies",15
"Suspenseful British Psychological Movies",881
"Suspenseful Chinese Movies",1296
"Suspenseful Comedies",2502
"Suspenseful Comic Book and Superhero Movies",3794
"Suspenseful Courtroom Dramas",1390
"Suspenseful Documentaries",4046
"Suspenseful Foreign Comedies",3094
"Suspenseful Foreign Military Movies",343
"Suspenseful Foreign Movies",4715
"Suspenseful Foreign Political Movies",4819
"Suspenseful Foreign Psychological Movies",4798
"Suspenseful Foreign Sci-Fi & Fantasy",4679
"Suspenseful Gay & Lesbian Psychological Movies",2099
"Suspenseful German-Language Dramas",1385
"Suspenseful Historical Documentaries",3580
"Suspenseful Independent Dramas",1780
"Suspenseful Independent Political Dramas",1545
"Suspenseful Independent Political Movies",691
"Suspenseful Independent Psychological Dramas",3760
"Suspenseful Independent Psychological Movies",2515
"Suspenseful Japanese Dramas",717
"Suspenseful Japanese Movies",2789
"Suspenseful Military Action & Adventure",3267
"Suspenseful Movies",448
"Suspenseful Political Action & Adventure",3075
"Suspenseful Political Movies",82
"Suspenseful Psychological Action & Adventure",559
"Suspenseful Psychological Sci-Fi & Fantasy",2953
"Suspenseful Sci-Fi & Fantasy",66
"Suspenseful Sci-Fi Dramas",1253
"Suspenseful Spanish-Language Dramas",2830
"Suspenseful Spanish-Language Movies",4956
"Suspenseful Sports Dramas",4473
"Suspenseful Spy Action & Adventure",940
"Suspenseful Spy Dramas",1971
"Suspenseful Time Travel Movies",2778
"Suspenseful Westerns",3640
"Sustainability Stories",81639720
"Swashbucklers",1191
"Swedish Movies & TV",107572
"Swing & Big Band",3208
"Swipe Right",81582488
"Swiss Films & TV",457319
"Swoonworthy TV Shows ",81398015
"Tagalog Movies",2935488
"Tai Chi & Qigong",4357
"Tales of The Witcher",81517753
"Tearjerkers",6384
"Teen Action & Adventure",3754
"Teen Comedies",3519
"Teen Coming-of-age Dramas",4295
"Teen Coming-of-age Movies",2916
"Teen Dramas",9299
"Teen Independent Comedies",4441
"Teen Movies",2340
"Teen Screams",52147
"Teen Sports Comedies",945
"Teen Sports Movies",3410
"Teen TV Dramas",61091
"Teen TV Shows",60951
"Thai Action & Adventure",70
"Thai Dramas",3283
"Thai Movies",1098
"Thai Movies & TV",107570
"That French Feeling",81487900
"The Art of Espionage",81630676
"The Beautiful Game",81648636
"The Lighter Side of Parenthood",1187715
"The Netflix 2021 Oscars® Collection",81435539
"The Netflix 27th Annual Critics Choice Collection",81571113
"The Power of She",81582562
"The World of the Witcher",81517755
"Theatrical Performances",2557
"This Place is Evil",81476889
"Thriller TV Shows",89811
"Thrillers",8933
"Time for the Best of 2022",81671509
"Time Travel Movies",1425
"TLC Reality TV",4865
"TLC TV Shows",2375
"Totally Awesome '80s",2314106
"Traditional Latin Music",2419
"Travel & Adventure Documentaries",1159
"Travel & Adventure Documentaries on IMAX",4851
"True Crime",108820
"Tudum: The Experience",81634117
"Turkey's Best Movies & TV",871341
"Turn Back the Clock",81397796
"TV Action & Adventure",10673
"TV Cartoons",11177
"TV Crime Dramas",26009
"TV Drama Series",11714
"TV Drama Soaps",2237899
"TV Horror",83059
"TV Mysteries",4366
"TV Sci-Fi & Fantasy",1372
"TV Shows",83
"TV Shows",2496491
"TV Shows & Movies for Little Kids",74253
"TV Suspense Dramas",26259
"Ukranian Films & TV ",456423
"Understated",100057
"Understated Action & Adventure",484
"Understated African-American Movies",4141
"Understated Biographical Documentaries",16
"Understated Biographical Movies",230
"Understated British Crime Movies",1767
"Understated British Independent Movies",2963
"Understated Crime Dramas",2995
"Understated Foreign Comedies",4389
"Understated Foreign Crime Dramas",4020
"Understated Foreign Crime Movies",4278
"Understated Foreign Dramas",4142
"Understated Foreign Political Dramas",3987
"Understated French-Language Dramas",1907
"Understated French-Language Movies",2836
"Understated Gay & Lesbian Movies",1702
"Understated Horror Movies",4765
"Understated Independent Biographical Movies",3781
"Understated Independent Coming-of-age Movies",562
"Understated Independent Crime Dramas",4897
"Understated Independent Political Dramas",3118
"Understated Independent Political Movies",358
"Understated Independent Thrillers",1142
"Understated Japanese Dramas",758
"Understated Japanese Movies",664
"Understated Movies",5066
"Understated Mysteries",2717
"Understated Political Movies",120
"Understated Sci-Fi & Fantasy",1449
"Understated Social & Cultural Documentaries",2428
"Understated Thrillers",1746
"Understated War Dramas",3731
"Understated Westerns",723
"Urban & Dance Concerts",9472
"US Reality TV",72417
"US Sitcoms",72413
"Valentine's Day Favorites",1952249
"Vampire Horror Movies",75804
"Vampires",1038
"Vampires & Werewolves",1080194
"Vintage Crime",1001714
"Violent Action Sci-Fi & Fantasy",2040
"Violent African-American Action & Adventure",1056
"Violent African-American Crime Dramas",4316
"Violent African-American Crime Movies",4284
"Violent Comedies",1581
"Violent Crime Action & Adventure",1964
"Violent Crime Comedies",4270
"Violent Crime Dramas",1017
"Violent Crime Movies",4163
"Violent Cult Comedies",4024
"Violent Cult Crime Movies",4268
"Violent Documentaries",1543
"Violent Dramas",3863
"Violent Foreign Action & Adventure",1927
"Violent Foreign Crime Action & Adventure",2239
"Violent Foreign Crime Dramas",2589
"Violent Foreign Dramas",2329
"Violent Foreign Movies",2156
"Violent French-Language Movies",882
"Violent Independent Action & Adventure",4023
"Violent Independent Crime Movies",3105
"Violent Italian Movies",2920
"Violent Martial Arts Movies",2306
"Violent Movies",2203
"Violent Political Dramas",43
"Violent Psychological Movies",3711
"Violent Satires",3406
"Violent Sci-Fi Horror Movies",3941
"Violent Sci-Fi Thrillers",4365
"Violent Spy Movies",827
"Violent Spy Thrillers",3755
"Violent War Movies",1725
"Violent War Sci-Fi & Fantasy",503
"Violent Westerns",2651
"Visually-striking Biographical Dramas",363
"Visually-striking Cerebral Dramas",4361
"Visually-striking Cerebral Movies",3618
"Visually-striking Crime Action & Adventure",3771
"Visually-striking Crime Movies",4783
"Visually-striking Crime Thrillers",3722
"Visually-striking Dark Dramas",1471
"Visually-striking Dark Independent Dramas",1893
"Visually-striking Dark Independent Movies",4926
"Visually-striking Dark Movies",1416
"Visually-striking Dark Political Movies",4340
"Visually-striking Dark Psychological Movies",767
"Visually-striking Dark Sci-Fi & Fantasy",980
"Visually-striking Dramas",3438
"Visually-striking Emotional Dramas",3102
"Visually-striking Exciting War Movies",1732
"Visually-striking Fantasy Movies",3312
"Visually-striking Feel-good Movies",614
"Visually-striking Foreign Dramas",1957
"Visually-striking Gory Crime Movies",3428
"Visually-striking Gory Movies",4463
"Visually-striking Gory Thrillers",3915
"Visually-striking Imaginative Children & Family Movies",2480
"Visually-striking Imaginative Movies",4526
"Visually-striking Independent Crime Thrillers",2613
"Visually-striking Independent Dramas",2261
"Visually-striking Irreverent Movies",280
"Visually-striking Martial Arts Movies",3196
"Visually-striking Mind-bending Dramas",264
"Visually-striking Movies",3225
"Visually-striking Psychological Thrillers",1435
"Visually-striking Scary Crime Movies",2957
"Visually-striking Scary Sci-Fi & Fantasy",1841
"Visually-striking Sci-Fi & Fantasy",4677
"Visually-striking Sci-Fi Films",3281445
"Visually-striking Sci-Fi Thrillers",2464
"Visually-striking Sentimental Movies",907
"Visually-striking Steamy Movies",1837
"Visually-striking Suspenseful Dramas",362
"Visually-striking Suspenseful Foreign Movies",3041
"Visually-striking Suspenseful Movies",2104
"Visually-striking Suspenseful Sci-Fi & Fantasy",1589
"Visually-striking Violent Action & Adventure",4648
"Visually-striking Violent Crime Thrillers",1217
"Visually-striking Violent Movies",3971
"Visually-striking Violent War Movies",4883
"Visually-striking Witty Movies",1954
"Wacky Late Night Comedies",11070
"War Alien Sci-Fi",3570
"War Documentaries",3025
"War Movies",3373
"War Sci-Fi & Fantasy",4706
"War Social & Cultural Documentaries",1151
"War Tearjerkers",1829
"Watch for a While",81638461
"Watch In One Night",3178549
"Watch In One Weekend",3182735
"Watch the World's Stories",81489950
"Watch Together For Older Kids",1737039
"Watch With the Family",2013975
"Welcome to the Sandlerverse",81614575
"Werewolf Horror Movies",75930
"Western Movies",7700
"What to Watch this Valentine's Day",81576602
"Wine & Beverage Appreciation",1458
"Witchcraft & the Dark Arts",81552046
"Witty",100060
"Witty African-American Comedies",4254
"Witty Biographical Dramas",2159
"Witty British Crime Movies",4987
"Witty British Dramas",4837
"Witty British Independent Comedies",4791
"Witty British Thrillers",2961
"Witty Coming-of-age Comedies",3582
"Witty Coming-of-age Movies",3059
"Witty Crime Movies",839
"Witty Crime Satires",3144
"Witty Crime Thrillers",2108
"Witty Cult Movies",3566
"Witty Detective Movies",2346
"Witty Documentaries",3311
"Witty Foreign Dramas",3298
"Witty Foreign Movies",3881
"Witty Gay & Lesbian Comedies",4040
"Witty Gay & Lesbian Dramas",1413
"Witty Gay & Lesbian Movies",4911
"Witty Independent Movies",2077
"Witty Independent Political Movies",2664
"Witty Independent Satires",1011
"Witty Independent Showbiz Dramas",424
"Witty Mockumentaries",1216
"Witty Movies",2943
"Witty Political Dramas",979
"Witty Psychological Movies",334
"Witty Satires",741
"Witty Sitcoms",25868
"Witty Slapstick Comedies",3417
"Witty Sports Movies",3228
"Witty Spy Movies",4090
"Witty War Movies",4977
"Women in Focus",82735870
"Women in Sports",81466127
"Women Making History",1857465
"Women Who Rules the Screen",1964216
"World Fusion",1263
"World Music Concerts",2856
"WWE Collection",81921063
"WWE RAW",81989496
"WWII Movies",70023
"Young & Powerful",81622928
"Young Adult Films & Programmes",1684370
"Youth Movies",1502288
"Zombie Horror Movies",75405
"Zombie Movies",75421
"Zombie TV Shows",76778
"Zombies",3719
"“Shaaark!”",82794530
